INSERT INTO Countries(Country_id, Country_name, Visa_price)
values (1, 'США', 12750),
	(2, 'Италия', 7200),
	(3, 'Австралия', 22500),
	(4, 'Франция', 8000),
	(5, 'Бразилия', 10400);

INSERT INTO Routes(Route_id, Route_name, Country_id)
values (401, 'Москва-Марсель', 4),
	(201, 'Москва-Милан', 2),
	(402, 'Санкт-Петербург-Лион', 4),
	(202, 'Москва-Неаполь', 2),
	(101, 'Москва-Вашингтон', 1),
	(203, 'Екатеринбург-Рим', 2),
	(102, 'Санкт-Петербург-Чикаго', 1),
	(501, 'Екатеринбург-Бразилиа', 5),
	(301, 'Москва-Мельбурн', 3),
	(302, 'Казань-Сидней', 3),
	(502, 'Краснодар-Сан-Пауло', 5),
	(403, 'Саратов-Париж', 4);	
	
INSERT INTO Sales (Sale_id, Sale_date, Route_id, Trip_purpose, Trip_price, Trip_quantity)
values (1, '2022-05-14', 401, 'Бизнес-встреча', 14000, 7),
	(2, '2022-07-21', 401, 'Шопинг', 10000, 2),
	(3, '2022-02-18', 401, 'Отпуск', 25000, 4),
	(4, '2022-04-10', 201, 'Шопинг', 20000, 3),
	(5, '2022-03-05', 201, 'Отпуск', 35000, 2),
	(6, '2022-09-01', 201, 'Учёба', 11000, 1),
	(7, '2022-08-28', 402, 'ПМЖ', 12000, 2),
	(8, '2022-04-04', 402, 'Учёба', 8000, 3),
	(9, '2022-05-08', 202, 'Транзит', 19000, 1),
	(10, '2022-11-11', 202, 'Бизнес-встреча', 17000, 4),
	(11, '2022-05-16', 101, 'Отпуск', 30000, 3),
	(12, '2022-12-20', 101, 'ПМЖ', 15000, 4),
	(13, '2022-03-18', 203, 'Туризм', 27000, 20),
	(14, '2022-10-20', 203, 'Транзит', 19000, 5),
	(15, '2022-04-13', 102, 'Отпуск', 21000, 1),
	(16, '2022-07-18', 102, 'Шопинг', 12000, 5),
	(17, '2022-02-20', 501, 'ПМЖ', 30000, 1),
	(18, '2022-09-14', 501, 'Транзит', 22000, 6),
	(19, '2022-05-24', 301, 'Туризм', 28000, 9),
	(20, '2022-07-11', 301, 'Отпуск', 50000, 5),
	(21, '2022-09-28', 502, 'Учёба', 16000, 1),
	(22, '2022-01-17', 502, 'ПМЖ', 11000, 2),
	(23, '2022-04-09', 403, 'Бизнес-встреча', 23000, 7),
	(24, '2022-03-11', 403, 'Шопинг', 17500, 4);
